{
    "metrics": {
        "http_req_duration{expected_response:true}": {
            "p(90)": 27.883100000000002,
            "p(95)": 35.37884999999999,
            "p(99)": 47.502109999999995,
            "avg": 12.578714576271182,
            "min": 1.198,
            "med": 9.775500000000001,
            "max": 66.74
        },
        "http_req_receiving": {
            "med": 0.224,
            "max": 18.496,
            "p(90)": 0.958,
            "p(95)": 1.3490999999999997,
            "p(99)": 2.5252399999999993,
            "avg": 0.414850169491525,
            "min": 0.017
        },
        "data_received": {
            "rate": 355961.6681699484,
            "count": 10850100
        },
        "iteration_duration": {
            "min": 501.44,
            "med": 510.170792,
            "max": 667.934625,
            "p(90)": 530.1742375,
            "p(95)": 539.0570439,
            "p(99)": 587.1523363399994,
            "avg": 514.385582149491
        },
        "http_req_blocked": {
            "p(90)": 0.008,
            "p(95)": 0.01,
            "p(99)": 70.88450999999921,
            "avg": 1.3853328813559427,
            "min": 0.001,
            "med": 0.004,
            "max": 148.78
        },
        "http_req_sending": {
            "med": 0.012,
            "max": 3.12,
            "p(90)": 0.025,
            "p(95)": 0.03,
            "p(99)": 0.056,
            "avg": 0.01776169491525444,
            "min": 0.002
        },
        "http_req_waiting": {
            "min": 1.157,
            "med": 9.386,
            "max": 65.974,
            "p(90)": 26.836700000000008,
            "p(95)": 34.63945,
            "p(99)": 46.57953,
            "avg": 12.146102711864403
        },
        "data_sent": {
            "rate": 7548.942391858612,
            "count": 230100
        },
        "http_req_failed": {
            "passes": 0,
            "fails": 2950,
            "thresholds": {
                "rate<0.01": false
            },
            "value": 0
        },
        "checks": {
            "passes": 5900,
            "fails": 0,
            "value": 1
        },
        "vus": {
            "value": 50,
            "min": 50,
            "max": 50
        },
        "iterations": {
            "rate": 96.78131271613604,
            "count": 2950
        },
        "vus_max": {
            "value": 50,
            "min": 50,
            "max": 50
        },
        "http_reqs": {
            "rate": 96.78131271613604,
            "count": 2950
        },
        "http_req_connecting": {
            "med": 0,
            "max": 148.053,
            "p(90)": 0,
            "p(95)": 0,
            "p(99)": 70.85056999999921,
            "avg": 1.3776854237288134,
            "min": 0
        },
        "http_req_tls_handshaking": {
            "p(95)": 0,
            "p(99)": 0,
            "avg": 0,
            "min": 0,
            "med": 0,
            "max": 0,
            "p(90)": 0
        },
        "http_req_duration": {
            "avg": 12.578714576271182,
            "min": 1.198,
            "med": 9.775500000000001,
            "max": 66.74,
            "p(90)": 27.883100000000002,
            "p(95)": 35.37884999999999,
            "p(99)": 47.502109999999995,
            "thresholds": {
                "p(95)<500": false,
                "p(99)<1000": false
            }
        }
    },
    "root_group": {
        "checks": {
            "status is 200": {
                "name": "status is 200",
                "path": "::status is 200",
                "id": "6210a8cd14cd70477eba5c5e4cb3fb5f",
                "passes": 2950,
                "fails": 0
            },
            "body has poll text": {
                "passes": 2950,
                "fails": 0,
                "name": "body has poll text",
                "path": "::body has poll text",
                "id": "e10211ad3103e6ff2c090799098797b5"
            }
        },
        "name": "",
        "path": "",
        "id": "d41d8cd98f00b204e9800998ecf8427e",
        "groups": {}
    }
}