{
    "root_group": {
        "name": "",
        "path": "",
        "id": "d41d8cd98f00b204e9800998ecf8427e",
        "groups": {},
        "checks": {
                "status is 200": {
                    "passes": 22215,
                    "fails": 0,
                    "name": "status is 200",
                    "path": "::status is 200",
                    "id": "6210a8cd14cd70477eba5c5e4cb3fb5f"
                }
            }
    },
    "metrics": {
        "http_req_sending": {
            "min": 0.001,
            "med": 0.009,
            "max": 4.977,
            "p(90)": 0.022,
            "p(95)": 0.028,
            "p(99)": 0.057,
            "avg": 0.013147377897815532
        },
        "http_req_failed": {
            "passes": 0,
            "fails": 22215,
            "thresholds": {
                "rate<0.05": false
            },
            "value": 0
        },
        "http_req_blocked": {
            "med": 0.003,
            "max": 3.697,
            "p(90)": 0.007,
            "p(95)": 0.01,
            "p(99)": 0.07787999999999842,
            "avg": 0.007081791582263003,
            "min": 0
        },
        "http_req_receiving": {
            "p(95)": 4.883599999999998,
            "p(99)": 10.19186,
            "avg": 1.0556243979293252,
            "min": 0.016,
            "med": 0.278,
            "max": 52.747,
            "p(90)": 2.935
        },
        "vus": {
            "value": 3,
            "min": 3,
            "max": 199
        },
        "data_sent": {
            "count": 1732770,
            "rate": 28855.36248927772
        },
        "data_received": {
            "count": 81706770,
            "rate": 1360641.3235328647
        },
        "http_req_waiting": {
            "avg": 35.63144159351781,
            "min": 0.982,
            "med": 11.945,
            "max": 312.181,
            "p(90)": 104.70200000000001,
            "p(95)": 144.12639999999993,
            "p(99)": 212.99737999999996
        },
        "http_reqs": {
            "count": 22215,
            "rate": 369.9405447343297
        },
        "checks": {
            "passes": 22215,
            "fails": 0,
            "value": 1
        },
        "iterations": {
            "count": 22215,
            "rate": 369.9405447343297
        },
        "http_req_connecting": {
            "avg": 0.0021160477155075397,
            "min": 0,
            "med": 0,
            "max": 0.923,
            "p(90)": 0,
            "p(95)": 0,
            "p(99)": 0
        },
        "iteration_duration": {
            "max": 522.256916,
            "p(90)": 308.4941248,
            "p(95)": 348.3435087,
            "p(99)": 418.70934949999975,
            "avg": 237.01846934202,
            "min": 201.147292,
            "med": 212.662833
        },
        "http_req_tls_handshaking": {
            "p(99)": 0,
            "avg": 0,
            "min": 0,
            "med": 0,
            "max": 0,
            "p(90)": 0,
            "p(95)": 0
        },
        "http_req_duration": {
            "avg": 36.70021336934511,
            "min": 1.042,
            "med": 12.321,
            "max": 321.918,
            "p(90)": 108.27980000000001,
            "p(95)": 148.18689999999998,
            "p(99)": 218.4403399999998,
            "thresholds": {
                "p(95)<2000": false,
                "p(99)<5000": false
            }
        },
        "vus_max": {
            "value": 200,
            "min": 200,
            "max": 200
        },
        "http_req_duration{expected_response:true}": {
            "p(90)": 108.27980000000001,
            "p(95)": 148.18689999999998,
            "p(99)": 218.4403399999998,
            "avg": 36.70021336934511,
            "min": 1.042,
            "med": 12.321,
            "max": 321.918
        }
    }
}